-- Adminer 4.2.4 MySQL dump

SET NAMES utf8;
SET time_zone = '+00:00';
SET foreign_key_checks = 0;
SET sql_mode = 'NO_AUTO_VALUE_ON_ZERO';

DROP TABLE IF EXISTS `dialog`;
CREATE TABLE `dialog` (
  `dialog_id` int(11) NOT NULL AUTO_INCREMENT,
  `name` varchar(100) NOT NULL,
  `time` int(11) NOT NULL,
  PRIMARY KEY (`dialog_id`)
) ENGINE=InnoDB DEFAULT CHARSET=latin1;

INSERT INTO `dialog` (`dialog_id`, `name`, `time`) VALUES
(18,	'Max-Ann',	1493469811),
(19,	'Friend Ivan',	1493469843),
(20,	'max1-monster77',	1493469874),
(21,	'LOL',	1493469955),
(22,	'Work time',	1493469913),
(23,	'dgfg',	1493552115),
(24,	'max1-ann',	1493552129),
(25,	'max1-ann',	1493554757),
(26,	'max1-ann',	1493555502),
(27,	'max1-ann',	1493555663),
(28,	'max1-ann',	1493555805),
(29,	'max1-ann',	1493555990),
(30,	'max1-ann',	1493556142),
(31,	'max1-ann',	1493556294),
(32,	'max1-ann',	1493556458),
(33,	'max1-ann',	1493556616),
(34,	'max1-ann',	1493556905),
(35,	'max1-ann',	1493559421),
(36,	'max1-ann',	1493559516),
(37,	'max1-ann',	1493559668),
(38,	'max1-ann',	1493559937),
(39,	'max1-ann',	1493560112),
(40,	'Dialog 7886722804',	1493560279),
(41,	'max1-ann',	1493560348),
(42,	'Example',	1493575631),
(43,	'max1-ann',	1493575732),
(44,	'max1-ann',	1493582318),
(45,	'max1-ann',	1493582571),
(46,	'max1-ann',	1493582454),
(47,	'Dialog 9594414132',	1493591986);

DROP TABLE IF EXISTS `image`;
CREATE TABLE `image` (
  `img_id` int(11) NOT NULL AUTO_INCREMENT,
  `img` mediumblob NOT NULL,
  `login` varchar(50) DEFAULT NULL,
  `message_id` int(11) DEFAULT NULL,
  PRIMARY KEY (`img_id`)
) ENGINE=InnoDB DEFAULT CHARSET=latin1;

INSERT INTO `image` (`img_id`, `img`, `login`, `message_id`) VALUES
(6,	'\0JFIF\0\0\0\0\0\0\0C\0\n\n\n\r\r\0C		\r\r\0\0d\0d\"\0\0\0\0\0\0\0\0\0\0\0\0	\n\0\0\0\0}\0!1AQa\"q2#BR$3br	\n\Z%&\'()*456789:CDEFGHIJSTUVWXYZcdefghijstuvwxyz\0\0\0\0\0\0\0\0	\n\0\0\0w\0!1AQaq\"2B	#3Rbr\n$4%\Z&\'()*56789:CDEFGHIJSTUVWXYZcdefghijstuvwxyz\0\0\0?\0x;F\0x{OL,cAmII9,%$I\'`1랙\0PG\'R{\0>z\03)JmNx=\0:2}}g?O\0_?\0\0}}g?[$|5ˢxj9mgәP<+ܰA	\\O?ğ^Moo#!?.d 9 *O>cQU˿Шɫ?\0##}֯yxM{2L%~wH:^Fr۬1i#nxLX	QFʆtb1AT.I\n-ҥ*[]\\JI\\\'qO<~8\0~?t?F\"1O<~8\0~?\0c\0>#~_,xOx	w\Z-ͽP-;\0qTg\n\0+֓ӎ:\n+҆gWKd\0|ϸ|\03I\0\0!OSן\0Y?|\03y\0_?\0Wƿ\'Tkl%N-\"$IS$O\0?G:]\0Y^\\\\ǒі1?9ϵzye(ѥ7dy$~tJNz>}d[lG^|!?o\ZkZ0)p4D`v+:߇\0M\'v7y6q[jNFN*/r#BI_x?t{¾Iu&FHT\nK37S/s׼?F	lCcp]pNq?GEJ:ʦw+>>F~<xQWK,YxI<e>f`ۧ?O{+\0fe	w!Q\0?W]?_qFlgI[*My1U@v8z{\0\0?\\!\0?9OtP>q{QH?\0g?S\0Nϟ??\0p<?~xJYE~d$aG,YUw31j{yD9끸nJMVMzJjRVO|ͧx\'vxL:mFx0b2#v\0	;SV|Giv՞V5x˻/ JK6KKkZG }F\0Qkkඕ%Lٔ;ulvU6(5i7:֝[۵0Qټ,eYN(%Nշ#8ޥpxyEOscGx~/\ZߊV}Ƀ1y`<zd1|mi7܆Oe#c\0_u<=Ꭵ>\0Io\0BS\"reEPҒO<ARNSwEGot@\'X䶒9݃ |Pc<TQ>/ߩrxoy~vϜ|3XWw\ZhƗI5vQl]a_MA !	3/iqxQ[\'&(Мh9UW.L]ُR\0ӊ}	)^VJK\rϗFSwo+7\0A\0\0 \0q\0C?à}~(\0\0:gcדx\';:g?\0?V=O9\Z&k/~s\0>o:{cE١ӋFep1ϼXHiY`\0	;c@YUyN[i5-Vm\n;KS!nA6`9AF0߮`pPUc}Qfqt8_&Ma4,4L	PDbW	&]G[8\Z?\0\Z?\rny4\Z.cbY\na}@zL(Y\0\0G\0uq\\Rԗ4MJb9{g\0C|dg=O/_\0\0#|~)ӧyT?\\!?{{=\0\0?_<z(NF~?OOl~;\0c\0\0t?:{cq\'AǶ?\0?\\?xY?5{k9#Pl,r{qֺ(abfPDr*1ݢ2@\0\0=kUxRo}ŴWak<7VXFRt$@TGi\ZE$^ie:;r\0yfEʩʮ6~~z_3r|$+7ȩqhʥ`;JˏamoO̧\0(u\0!&P\0.=Gab\0?A<طF,-3=1БҜ\"ܞ|v1e\0\0 ?5oyq]L5RE, (?saZ궩ues\r4G \0<sʱd1eU{??7BjhY\0ǿu\0k?\0[Ng\0\0\0o#?{QBr3z*@iy?Oŏ9K{a{\\FΑ;!^@wİr8Ϣc\0\0?)O\"pH\0Q3k~pc%WM]KNncE|agĸdb?@RGى2+	),-8=N,QEhQE\0oK/Y}:g]%2$q8R5\"5t2ZMYOC_Mq!\\\"#&1ۅ9?H6\rCOK;#0r<y}=4\\q9$iBHV9\n#lAcc p_,MSMGHdm7|iN[^<SE	돯SE?,xuW]KO|FI<<P#\n<?;rX\01\0A;\0^+>1VI\\=\0(+\0\n\0\0\0\n(\0\0QE\0\0Wӟ\0P?\n*(<G\0͞6mQoA]Qо6xBмBt\r3G\r+Ф2BpUrIE9V_F-XYh',	'max1',	NULL);

DROP TABLE IF EXISTS `message`;
CREATE TABLE `message` (
  `message_id` int(11) NOT NULL AUTO_INCREMENT,
  `login` varchar(50) NOT NULL,
  `dialog_id` int(11) NOT NULL,
  `time` int(11) NOT NULL,
  `text` text NOT NULL,
  PRIMARY KEY (`message_id`)
) ENGINE=InnoDB DEFAULT CHARSET=latin1;

INSERT INTO `message` (`message_id`, `login`, `dialog_id`, `time`, `text`) VALUES
(90,	'max1',	18,	1493469425,	'Hello'),
(91,	'ann',	18,	1493469426,	'Hi'),
(92,	'max1',	18,	1493469481,	'What do you do?'),
(93,	'ann',	18,	1493469482,	'I am sleeping'),
(94,	'max1',	18,	1493469565,	'Are you kidding me? Its a middle of the day now'),
(95,	'ann',	18,	1493469566,	'I felt asleep yesterday too late'),
(96,	'max1',	18,	1493469630,	'Ok'),
(97,	'max1',	18,	1493469671,	'May be you want to go with me in cafe? Eat some pizza'),
(98,	'ann',	18,	1493469672,	'Good idea. Will wait for you at my home in 1 hour'),
(99,	'max1',	18,	1493469811,	'Ok'),
(100,	'max1',	19,	1493469843,	'Hi. How are you?'),
(101,	'max1',	20,	1493469874,	'Go drink at the evening?'),
(102,	'max1',	22,	1493469913,	'I will do my best'),
(103,	'max1',	21,	1493469955,	'yo brother'),
(104,	'55555five55555',	21,	1493469956,	'bro'),
(105,	'max1',	42,	1493561094,	'test message'),
(106,	'ann',	42,	1493561096,	'test message 2'),
(107,	'max1',	42,	1493571856,	'Message 9450339369'),
(108,	'max1',	42,	1493575631,	'Lol'),
(109,	'max1',	45,	1493582571,	'Message 0165843749');

DROP TABLE IF EXISTS `user`;
CREATE TABLE `user` (
  `login` varchar(50) NOT NULL,
  `pass` varchar(50) NOT NULL,
  `name` varchar(100) NOT NULL,
  `info` varchar(1000) NOT NULL,
  PRIMARY KEY (`login`)
) ENGINE=InnoDB DEFAULT CHARSET=latin1;

INSERT INTO `user` (`login`, `pass`, `name`, `info`) VALUES
('0506252963',	'5849a8357dfeefd36536165f0a799511',	'0515562777',	'0519902823'),
('4540941655',	'6b05e9bbefd267653843adde47a4d2ef',	'4549916970',	'4554347333'),
('4ex4q',	'f7177163c833dff4b38fc8d2872f1ec6',	'Olga L.',	''),
('55555five55555',	'c5fe25896e49ddfe996db7508cf00534',	'Maxim K.',	'Cool man'),
('ann',	'c4ca4238a0b923820dcc509a6f75849b',	'Ann K.',	'Cool girl'),
('bombyou',	'594f803b380a41396ed63dca39503542',	'Ahmed M.',	''),
('coolgirl',	'b53b3a3d6ab90ce0268229151c9bde11',	'Nasty A.',	''),
('ivan123',	'202cb962ac59075b964b07152d234b70',	'Ivan I.',	''),
('max1',	'698d51a19d8a121ce581499d7b701668',	'Max K.',	'Student, like sport and music'),
('monster77',	'698d51a19d8a121ce581499d7b701668',	'Oleg P.',	''),
('noname15',	'28dd2c7955ce926456240b2ff0100bde',	'Noname',	'Cool man'),
('tcar54',	'45c48cce2e2d7fbdea1afc51c7c6ad26',	'Petr S.',	'Cool man');

DROP TABLE IF EXISTS `user_dialog`;
CREATE TABLE `user_dialog` (
  `id` int(11) NOT NULL AUTO_INCREMENT,
  `dialog_id` int(11) NOT NULL,
  `login` varchar(50) NOT NULL,
  `new` bit(1) NOT NULL DEFAULT b'1',
  PRIMARY KEY (`id`)
) ENGINE=InnoDB DEFAULT CHARSET=latin1;

INSERT INTO `user_dialog` (`id`, `dialog_id`, `login`, `new`) VALUES
(29,	18,	'max1',	CONV('0', 2, 10) + 0),
(30,	18,	'ann',	CONV('1', 2, 10) + 0),
(31,	19,	'max1',	CONV('0', 2, 10) + 0),
(32,	19,	'ivan123',	CONV('1', 2, 10) + 0),
(33,	20,	'max1',	CONV('0', 2, 10) + 0),
(34,	20,	'monster77',	CONV('1', 2, 10) + 0),
(35,	21,	'max1',	CONV('0', 2, 10) + 0),
(36,	21,	'55555five55555',	CONV('1', 2, 10) + 0),
(37,	22,	'max1',	CONV('0', 2, 10) + 0),
(38,	22,	'tcar54',	CONV('1', 2, 10) + 0),
(40,	23,	'ann',	CONV('1', 2, 10) + 0),
(42,	24,	'ann',	CONV('1', 2, 10) + 0),
(44,	25,	'ann',	CONV('1', 2, 10) + 0),
(46,	26,	'ann',	CONV('1', 2, 10) + 0),
(48,	27,	'ann',	CONV('1', 2, 10) + 0),
(50,	28,	'ann',	CONV('1', 2, 10) + 0),
(52,	29,	'ann',	CONV('1', 2, 10) + 0),
(54,	30,	'ann',	CONV('1', 2, 10) + 0),
(56,	31,	'ann',	CONV('1', 2, 10) + 0),
(58,	32,	'ann',	CONV('1', 2, 10) + 0),
(60,	33,	'ann',	CONV('1', 2, 10) + 0),
(62,	34,	'ann',	CONV('1', 2, 10) + 0),
(64,	35,	'ann',	CONV('1', 2, 10) + 0),
(66,	36,	'ann',	CONV('1', 2, 10) + 0),
(68,	37,	'ann',	CONV('1', 2, 10) + 0),
(70,	38,	'ann',	CONV('1', 2, 10) + 0),
(72,	39,	'ann',	CONV('1', 2, 10) + 0),
(74,	40,	'ann',	CONV('1', 2, 10) + 0),
(76,	41,	'ann',	CONV('1', 2, 10) + 0),
(77,	42,	'max1',	CONV('0', 2, 10) + 0),
(78,	42,	'ann',	CONV('1', 2, 10) + 0),
(80,	43,	'ann',	CONV('1', 2, 10) + 0),
(82,	44,	'ann',	CONV('1', 2, 10) + 0),
(84,	45,	'ann',	CONV('1', 2, 10) + 0),
(86,	46,	'ann',	CONV('1', 2, 10) + 0),
(88,	47,	'ann',	CONV('1', 2, 10) + 0);

-- 2017-04-30 22:46:46
